Date,DAU (Act),DAU,Boost DAU,Boost DAU %,ARPDAU (Act),ARPDAU,Gross Rev (Act),Gross Rev,Net Rev (Act),Net Rev,Mktg Cost (Act),Mktg Cost,Game Margin (Act),Game Margin,Cumul. Margin
2025-10-01,127264.0,127264,,,0.3942050473498037,0.3942050473498037,1555207.5034732146,1555207.5034732146,1141844.5529823678,1141844.5529823678,574462.1263814908,574462.0,567382.426600877,567382.5529823678,567382.5529823678
2025-11-01,119313.0,119313,,,0.4158808628248214,0.41588086282482145,1488600.633348263,1488600.6333482633,1091988.5824560784,1091988.5824560784,510969.1951464213,510969.0,581019.3873096571,581019.5824560784,1148402.1354384462
2025-12-01,117684.0,117684,,,0.4304904586568507,0.4304904586568507,1570512.7083291707,1570512.7083291707,1151164.6827486549,1151164.6827486549,640616.7149712659,640617.0,510547.967777389,510547.68274865486,1658949.818187101
2026-01-01,114296.0,114296,,,0.4497845797868576,0.4497845797868576,1593665.0287017194,1593665.0287017194,1167048.9631338506,1167048.9631338506,364087.51926640014,364088.0,802961.4438674505,802960.9631338506,2461910.781320952
2026-02-01,109327.0,109327,,,0.4749480290021503,0.4749480290021503,1453894.7581483964,1453894.7581483964,1064214.2106371715,1064214.2106371715,407247.3114704367,407247.0,656966.8991667349,656967.2106371715,3118877.9919581236
2026-03-01,98535.0,98535,,,0.4445380797405321,0.4445380797405321,1357874.0158472764,1357874.0158472764,998298.8689634462,998298.8689634465,275693.9334146599,275694.0,722604.9355487863,722604.8689634465,3841482.86092157
2026-04-01,90902.0,90902,,,0.4817159154543821,0.4817159154543821,1313669.6495467736,1313669.6495467736,963476.9337862708,963476.9337862708,263614.4998332652,263614.0,699862.4339530056,699862.9337862708,4541345.794707841
2026-05-01,83176.0,83176,,,0.5189950139672144,0.5189950139672144,1338210.9976839873,1338210.9976839873,981165.5830910852,981165.5830910852,241279.92481554637,241280.0,739885.6582755388,739885.5830910852,5281231.377798926
2026-06-01,78254.0,78254,,,0.47569263840603465,0.47569263840603465,1116738.416385199,1116738.416385199,820699.3274151686,820699.3274151686,225004.7726297013,215990.0,595694.5547854673,604709.3274151686,5885940.705214094
2026-07-01,75244.0,76407,0.0,0.0,0.4398835640599192,0.4776150426571274,430281.3457400552,1131293.4907896132,316842.87332021515,866024.3427202125,90666.14675884676,300000.0,226176.72656136838,566024.3427202125,6451965.047934307
2026-08-01,,73395,0.0,0.0,,0.4776475875720202,,1086763.1141593764,,831932.7254798274,,350000.0,,481932.7254798274,6933897.773414134
2026-09-01,,71035,0.0,0.0,,0.49597508691236525,,1056951.1603953405,,808114.1496439789,,350000.0,,458114.1496439789,7392011.923058113
2026-10-01,,62566,1908.0,3.0498629563007285,,0.5229437521608646,,1014281.0572434085,,774205.0402082345,,0.0,,774205.0402082345,8166216.963266348
2026-11-01,,56893,4915.0,8.638193041738674,,0.522898470494625,,892475.1760183324,,681232.7802349121,,0.0,,681232.7802349121,8847449.743501259
2026-12-01,,54627,8230.0,15.065763272866661,,0.5228537710403313,,885427.9730907215,,675856.2307154981,,0.0,,675856.2307154981,9523305.974216757
2027-01-01,,47831,5928.0,12.394544044347708,,0.5228475605999346,,775258.1246598267,,591762.7784251049,,0.0,,591762.7784251049,10115068.752641862
2027-02-01,,42129,3927.0,9.32075617011787,,0.5228300636519322,,616734.4209279199,,470760.6656507424,,0.0,,470760.6656507424,10585829.418292604
2027-03-01,,38200,3203.0,8.385279167030658,,0.5227918533791925,,619091.408083021,,472561.35508026864,,0.0,,472561.35508026864,11058390.773372874
2027-04-01,,34800,2665.0,7.658850408233008,,0.5227628065273932,,545765.8651113035,,416591.9704693756,,0.0,,416591.9704693756,11474982.74384225
2027-05-01,,31834,2211.0,6.947015122456579,,0.5227371298687704,,515859.4593277226,,393764.80517574557,,0.0,,393764.80517574557,11868747.549017996
2027-06-01,,29261,1852.0,6.330827498752021,,0.5227073894188713,,458843.064496739,,350244.073222322,,0.0,,350244.073222322,12218991.622240318
2027-07-01,,27024,1555.0,5.752918051692113,,0.5226720096388096,,437863.0802101444,,334230.6630876364,,0.0,,334230.6630876364,12553222.285327954
2027-08-01,,25029,1287.0,5.14141361377964,,0.5226320793398891,,405504.21712130005,,309531.49813405855,,0.0,,309531.49813405855,12862753.783462012
2027-09-01,,23307,1065.0,4.569498882649203,,0.5225893841847594,,365397.55819010496,,278918.12191210175,,0.0,,278918.12191210175,13141671.905374113
2027-10-01,,21787,895.0,4.107224091674843,,0.5225445871899015,,352928.94751689385,,269401.5369883658,,0.0,,269401.5369883658,13411073.44236248
2027-11-01,,20440,778.0,3.807866356238501,,0.5224991598917879,,320400.06722421775,,244572.20976433647,,0.0,,244572.20976433647,13655645.652126817
2027-12-01,,19250,705.0,3.6625644581940917,,0.5224550125788472,,311773.4579024924,,237988.14364094008,,0.0,,237988.14364094008,13893633.795767758
2028-01-01,,18171,651.0,3.5830241124851945,,0.522414581543945,,294279.1472351945,,224634.88554093824,,0.0,,224634.88554093824,14118268.681308696
2028-02-01,,17233,604.0,3.5027446006543554,,0.5223827575145086,,261069.25951833703,,199285.02120591828,,0.0,,199285.02120591828,14317553.702514615
2028-03-01,,16396,560.0,3.41257444481221,,0.5223607088652467,,265496.5497932608,,202664.9459477087,,0.0,,202664.9459477087,14520218.648462323
2028-04-01,,15634,518.0,3.312309097410683,,0.5223476282197325,,244986.70658594216,,187009.11319457047,,0.0,,187009.11319457047,14707227.761656893
2028-05-01,,14944,479.0,3.2071301815568773,,0.5223379701220615,,241982.58395750416,,184716.09016362825,,0.0,,184716.09016362825,14891943.851820521
2028-06-01,,14323,444.0,3.097621486410291,,0.5223309956036326,,224434.08965750897,,171320.6467220596,,0.0,,171320.6467220596,15063264.49854258
2028-07-01,,13769,411.0,2.9839783547427143,,0.5223272565379209,,222953.19844283612,,170190.27132088362,,0.0,,170190.27132088362,15233454.769863464
2028-08-01,,13275,380.0,2.8644750285767633,,0.5223272605958724,,214957.68275432143,,164086.93211408547,,0.0,,164086.93211408547,15397541.70197755
2028-09-01,,12854,353.0,2.7439853576213085,,0.5223315466785027,,201417.86459833375,,153751.31833652256,,0.0,,153751.31833652256,15551293.020314071
2028-10-01,,12469,328.0,2.626752607522387,,0.5223405217649381,,201907.832094551,,154125.2118291061,,0.0,,154125.2118291061,15705418.232143177
2028-11-01,,12104,305.0,2.5164416581025053,,0.522352871892586,,189676.48910332256,,144788.32864457884,,0.0,,144788.32864457884,15850206.560787756
2028-12-01,,11757,284.0,2.4134569827019106,,0.5223685420285207,,190387.21417819383,,145330.65729821302,,0.0,,145330.65729821302,15995537.218085969
2029-01-01,,11422,265.0,2.316245458498574,,0.5223879334018526,,184971.54102102347,,141196.4047098139,,0.0,,141196.4047098139,16136733.622795783
2029-02-01,,11119,248.0,2.23072481697623,,0.5224092522509598,,162640.9915308728,,124150.34449539159,,0.0,,124150.34449539159,16260883.967291174
2029-03-01,,10830,233.0,2.1521549477962965,,0.5224331941354385,,175400.92628058928,,133890.23102029282,,0.0,,133890.23102029282,16394774.198311467
2029-04-01,,10546,219.0,2.0776241900646206,,0.5224604275793333,,165303.51651916752,,126182.19239202855,,0.0,,126182.19239202855,16520956.390703496
2029-05-01,,10277,207.0,2.0096835600880127,,0.5224898606196172,,166464.4706865481,,127068.06469357121,,0.0,,127068.06469357121,16648024.455397068
2029-06-01,,10022,195.0,1.9476895830299763,,0.5225210418018376,,157108.15032327065,,119925.73686765535,,0.0,,119925.73686765535,16767950.192264723
2029-07-01,,9782,185.0,1.8909739519921889,,0.5225534359633401,,158453.87252564647,,120952.62844195834,,0.0,,120952.62844195834,16888902.82070668
2029-08-01,,9551,175.0,1.8369923094088147,,0.5225871524083048,,154732.2383598217,,118111.44534101454,,0.0,,118111.44534101454,17007014.266047694
2029-09-01,,9339,167.0,1.7848269054102048,,0.5226206901799881,,146423.9410630474,,111769.1627698567,,0.0,,111769.1627698567,17118783.42881755
2029-10-01,,9142,158.0,1.7305836039742193,,0.5226540625469502,,148115.96213219524,,113060.39703100576,,0.0,,113060.39703100576,17231843.825848557
2029-11-01,,8959,150.0,1.6729679526949335,,0.5226868168478273,,140487.80105328295,,102809.22888052286,,0.0,,102809.22888052286,17334653.05472908
2029-12-01,,8793,142.0,1.6120421111073129,,0.5227185057613446,,142481.32679774414,,104267.68499594223,,0.0,,104267.68499594223,17438920.739725024
